komentar;label;clean_text;pred_label_id;pred_label
"@IndoPopBase Ratain dulu kualitas sekolah di pelosok pastiin semuanya ada komputer, baru ngomong AI 
Tapi kepikiran sampe sini ga? Awkwkwkwk

Lagian kurikulum AI apa sih? Bikin prompt??? Tailah";;ratain kualitas sekolah pelosok pastiin komputer ngomong pikir sampe awkwkwkwk kurikulum sih bikin prompt tailah;1;neutral
untuk apa sebenarnya ? Untuk menyelesaikan soal matematika dasar ? Tidak semua orang mau anaknya bodoh seperti anda;;selesai matematika dasar orang anak bodoh;0;negative
" kalau mau masukin pelajaran AI untuk kelas sekolah umum (smu) dan  di SMK(kejuruan).

sekolah dasar =| cukup matematika pedoman dan pondasi dasar dr semua basis Teknologi . 
kalau sekedar pengenalan definisi diSMP.";;masukin ajar kelas sekolah smu smk juru sekolah dasar matematika pedoman pondasi dasar basis teknologi dar kenal definisi dismp;0;negative
" padahal dasar semua program Algorthm dan Jaringan AI mencangkup nilai dasar Matematika dan terusanya (Lain2nya).
kombinasi code(Software)/chip/server/sinkronisasi/Modal/etc. 
Wapresnya? berlebihan menyikapi Trend . 

lagian kalau sadar diri seharusnya enga usah nyapres";;dasar program algorthm jaring cangkup nilai dasar matematika rusa nya kombinasi code software chip server sinkronisasi modal etc wapresnya sikap trend sadar enga nyapres;0;negative
"@IndoPopBase pelajaran AI : Maksud nya gmn? 
pelajaran AI tentang pengenalan pengetahuan dasar / secara teknis mempelajari fungsi2 dari AI 

pelajaran AI ::: &gt;
Pemrograman Sistem.
Rekayasa Perangkat Lunak.
Keamanan Jaringan.
Basis Data.
Bahasa Pemrograman Beragam
ML
etc. 

ketinggian";;ajar maksud nya gmn ajar kenal tahu dasar teknis ajar fungsi ajar pemrograman sistem rekayasa perangkat lunak aman jaring basis data bahasa pemrograman agam etc tinggi;2;positive
"@IndoPopBase Belajar AI nya pakai Pensil 2B atau Spidol Marker? 
Kebetulan mayoritas sekolah tidak punya sarpras yang mumpuni, gedungnya aja masih pada berantakan. Juga, gurunya masih sibuk berjuang melawan rendahnya penghasilan dan ancaman pemberhentian karena penghapusan honorer.";;ajar nya pakai pensil spidol marker mayoritas sekolah sarpras mumpuni gedung beranta guru sibuk juang lawan rendah hasil ancam henti hapus honorer;0;negative
"@IndoPopBase Jangan semuanya dong, anak sd-smp belom tau dasar2nya, kalau sma baru AI bisa sedikit di impelementasikan, itupun dasar2nya aja.

Tingkat berpikirnya belom sampe situ, apalagi mengingag rekam jejak kurikulum sebelumnya yang ngebuat standar pendidikan menurun :(";;anak smp bom tau dasar nya sma impelementasikan itu dasar nya tingkat pikir bom sampe situ mengingag rekam jejak kurikulum ngebuat standar didik turun;0;negative
@stLaurentttt @negatifdioda @IndoPopBase Basic microscoft aja duluu ......;;basic microscoft duluu;1;neutral
@IndoPopBase gausah dibuatin kurikulum, adik adik kita udah lebih pinter pake ai kalo sebatas explore fitur dan prompt.;;gausah dibuatin kurikulum adik adik udah pinter pake batas explore fitur prompt;0;negative
"@IndoPopBase pendidikan? AI
ekonomi? AI
kemacetan? AI
hilirisasi? AI
negara AI jir, pelajari utk menguasai AI dulu sebelum dikuasai AI woi";;didik ekonomi macet hilir negara jir ajar utk kuasa asai woi;0;negative
Tidak semudah itu menerapkan hal semacam ini dalam kurikulum sekolah. Ada begitu banyak hal yang harus dipertimbangkan. Saya rasa dia tidak benar-benar memahami apa yang dia bicarakan.;;mudah terap kurikulum sekolah timbang paham bicara;1;neutral
"@IndoPopBase Murid-murid masih banyak yg bodoh udah mikirin AI segala. Orang bisa pake AI dengan bener kalo udah paham dasar suatu masalah. Ini murid-muridnya belum paham udah dikasih AI, malah di salah gunakan ntar, semua tugas pake AI ujung""nya ttep bodoh.";;murid murid bodoh udah mikirin orang pake bener udah paham dasar murid murid paham udah kasih salah ntar tugas pake ujung nya ttep bodoh;0;negative
"@gnshh_ @IndoPopBase Bkan ga boleh, tp kebijakan soal ini tuh kyak ngelangkahin bnyk ""anak tangga kebijakan"" yg lbih krusial. Yg dasarÂ² aja utk pemenuhan kebutuhan belajar yg baik baik siswa blum smua sekolah merasakan. hal mendasar yg jdi mslah slama ini kan kesenjangan antar wilayah itu jauh";;bkan bijak tuh kyak ngelangkahin bnyk anak tangga bijak lbih krusial dasar utk penuh butuh ajar siswa blum smua sekolah rasa dasar jdi mslah slama senjang wilayah;0;negative
@IndoPopBase Lu aja yg ngajar. Nyari guru informatika aja susah inilagi sok ngide mau ngajarin Ai;;ngajar nyari guru informatika susah inilagi sok ngide ngajarin;1;neutral
@awidprsta @IndoPopBase sing poseng guru TIK wkowkowko;;sing poseng guru tik wkowkowko;2;positive
@okarzk Tapi masih belum kebayang gimana sekolah sekolah di pedalaman bisa catch up wkwkwk sulit;;bayang gimana sekolah sekolah dalam catch wkwkwk sulit;1;neutral
"@kompascom Kalo pendapat saya mending wajib ekskul koding &amp;AI jangan langsung wajib diterapkan dlm kurikulum malah simalakama 
Sementara ini pengadaan alat paling mahal adalah g berkaitan dg TEKNOLOGI apalagi AI massiv skala nasi uduk";;dapat mending wajib ekskul koding amp langsung wajib terap dlm kurikulum simalakama ada alat mahal kait teknologi massiv skala nasi uduk;2;positive
Tapi anak-anak zaman sekarang memang sudah pada belajar coding juga, bukan coding di level 'itu', basic yang super simpel. Kekhawatirannya adalah, bagaimana konsep penyampaiannya saja harus dirancang dengan baik #azeeeq;;anak anak zaman ajar coding coding level basic super simpel khawatir konsep sampai rancang;2;positive
@okarzk Wkwkwk gak apa sih sekalian gurunya jg belajar;;wkwkwk sih guru ajar;1;neutral
@Alpriliaa @kompascom Kl kompetensi sih sdh ada program pelatihan guru penggerak dll, cuma kesejahteraan masih jauh dan fasilitas antara daerah dgn kota beda jauh. Kemarin ada seminar guru penggerak, di daerah lebak masih ada sekolah dari papan dan berada diatas batu karena tdk punya tempat..;;kompetensi sih program latih guru gerak dll sejahtera fasilitas daerah dgn kota beda kemarin seminar guru gerak daerah lebak sekolah papan atas batu;2;positive
@kompascom Waduh pak, kemarin anak minta ajarin coding dr google yg pusing orangtuanya..;;kemarin anak ajarin coding google pusing orangtuanya;0;negative
"@kiyoshihikaru @kompascom Bener mapel pilihan bukan mapel wajib, cmn dri rata2 yg saya tengok nganggepnya mapel wajib, auto jdi parno , padahal kalau mereka mau search di hp ""smart"" Nya mereka, coding for kids pasti paham lah coding buat anak sd - smp kek gmn, bukan seperti orng2 professional";;bener mapel pilih mapel wajib cmn dri tengok nganggepnya mapel wajib auto jdi parno search smart nya coding for kids paham coding anak smp kek gmn orng professional;1;neutral
@Travel_Jepara @kompascom Bener banget, morowali yg katanya kabupaten paling kaya di indonesia juga mati lampu mulu, gimana mau mencerdaskan generasi bangsa kalo keperluan dasar aja ga tercukupi (listrik);;bener morowali kabupaten kaya indonesia mati lampu mulu gimana cerdas generasi bangsa perlu dasar cukup listrik;2;positive
@hendrowijonarko @kompascom @kemenpendidikan Bangsat banget memang, anak2 dikasih mapel mahasiswa, tolol banget idenya ga berdasar. Udah acak2an ini pendidikan indo, masih mau dibuat kacaw lagi;;bangsat anak kasih mapel mahasiswa tolol ide dasar udah acak didik indo kacaw;0;negative
Liat aja 2045 bocil kematian gak ada akhlak bakal merajalela (tentu saja bukan anakku karena aku akan mendidik mereka sangat keras agar tidak jadi kayak fufufafa);;liat bocil mati akhlak rajalela anak didik keras kayak fufufafa;0;negative
@kompascom PEMERINTAH BIKIN KURIKULUM NGADA2 AJA GAK PERNAH BECUS ANJG. SEKOLAH DASAR TUH TEMPAT MEMUPUK BUDI PEKERTI DAN WAWASAN UMUM, BUKAN DISURUH NGODING AMA NGURUSIH MACHINE LEARNING COK GOBLOK;;perintah bikin kurikulum ngada becus anjg sekolah dasar tuh pupuk budi pekerti wawas suruh ngoding ama ngurusih machine learning cok goblok;1;neutral
"@kompascom Ya gpp sih, tapi pelajaran super dasar juga kayanya boleh dipertimbangkan buat masuk dalam kurikulum, seperti : pengenalan rambu2 lalu lintas, menyeberang jalan, ketika berkendara &amp; ketemu ambulance, di transportasi umum. Pelajaran kaya anak kecil Cina itu loh.";;gpp sih ajar super dasar kaya timbang masuk kurikulum kenal rambu lintas seberang jalan kendara amp ketemu ambulance transportasi ajar kaya anak cina;2;positive
"@kompascom Minimal ajari dulu dasar kesopanan kek,
Cara bebersih rumah,
Cara makan,
Basic manner gtu";;minimal ajar dasar sopan kek bersih rumah makan basic manner gtu;0;negative
@kompascom Ya ampun, kemarin masih ada anak kelas 3 SMA yg belum bisa perkalian sama pembagian. Matematika dasar aja masih banyak yg ngangong, udah mau masukkin materi coding dan AI. Benerin dululah yg dasar dasar;;ampun kemarin anak kelas sma kali bagi matematika dasar ngangong udah masukkin materi coding benerin dululah dasar dasar;0;negative
@kompascom Ah..palingan anak2 disuruh ngobrol dengan AI..Yang tidak mengerti, tanya dengan AI..Dan akhirnya anak2 tidak lagi menggunakan akal pikirannya..hanya bertumpu pada AI..Terbentur dgn suatu persoalan, tinggal tanya AI...;;paling anak suruh ngobrol erti anak akal pikir tumpu bentur dgn tinggal;0;negative
@kompascom saat ini (mgkn) sebagian anak2 kita sudah menggunakan AI (chat gpt) untuk mencari jawaban berbagai hal bahakan mgkn mengerjakan tugas. Skr malah akan memperkenalkan AI ke anak SD, menurut saya kok terlalu dini.;;mgkn anak chat gpt cari bahak mgkn tugas skr kenal anak;2;positive
@kompascom Sebetulnya kalo di pikir2 org semakin (maaf) bodoh dengan adanya teknologi semcam smart phone, apalagi ditambah dgn AI. Coba tanyakan pada diri sendiri apakah kita hafal no telp semua anggota keluarga kita ? kita semakin tergantung pada teknologi.;;pikir org maaf bodoh teknologi semcam smart phone tambah dgn coba hafal telp anggota keluarga gantung teknologi;0;negative
"@kompascom Gausah beratÂ² dulu, anak sd kudu bisa baca sama ngitung sederhana dan belajar adab,budi pekerti udah 
Apaan ai ai coding codingan. Guru aja pusing mikirin anak yg ga bisa apaÂ², ga masuk sekolah tp kudu di naikin. Ini lagi ai coding. Benerin dulu sistem sama dasarnya gausah anehÂ²";;gausah berat anak kudu baca ngitung sederhana ajar adab budi pekerti udah coding codingan guru pusing mikirin anak masuk sekolah kudu naikin coding benerin sistem dasar gausah aneh;0;negative
@kompascom Harusnya kompetensi dasar dulu atau pondasinya dulu di kuatkan, pondasinya aja ngga kuat, malah nambah pelajaran yg cenderung membuat siswa ruwet di satu sisi yg di rugikan yang minim ekonominya karena harus menyediakan laptop untuk belajar coding dan AI;;kompetensi dasar pondasinya kuat pondasinya kuat nambah ajar cenderung siswa ruwet sisi rugi minim ekonomi sedia laptop ajar coding;0;negative
"@kompascom Gue kasihan sma anak2 nya. Ini bukan cuma pusing di para siswanya...

Gue yakin sampai ke ortu mereka juga pusing!!!!!!

Ya allah PEMERINTAHAN KOK TOLOL SEMUAAA";;kasihan sma anak nya pusing siswa ortu pusing allah perintah tolol semuaaa;0;negative
@kompascom Pemerintah lebih baik memfasilitasi program ini diluar dari program wajib atau mapel wajib. Sekarang kalistung aja masih persoalan serius,malah mau nambah ai/coding...;;perintah fasilitas program luar program wajib mapel wajib kalistung serius nambah coding;2;positive
"@kompascom Di Indonesia,
Anak SD yg punya laptop/PC ada berapa persen?
Sekolah yg punya laptop/PC ada berapa persen?
Pengajar AI dan coding yg bersertifikat ada berapa ribu orang?
Sepertinya sekolah &amp; murid SD belum siap?";;indonesia anak laptop persen sekolah laptop persen ajar coding sertifikat ribu orang sekolah amp murid;0;negative
"@Heir184171 @kompascom Dia menjalankan perintah dari wapres idamanmu
Ketika itu di ucapkan tidak ada kata khusus atau pilihan..
Mentri langsung mengaminin tanpa berkaca pada program gagalnya UAN

#itupoinnya Bambang..

Jangan karena ingin menjilat wapres tanpa riset langsung Diamin,, itu kritiknya..";;jalan perintah wapres idam ucap khusus pilih tri langsung mengaminin kaca program gagal uan bambang jilat wapres riset langsung amin kritik;0;negative
@kompascom Matematika dasar aja anak SMA masih banyak yg gagap pak. Belum lg ngetik di ms word atau fungsi2 di ms excel. Kok ya tau2 coding, kek manaaaa...;;matematika dasar anak sma gagap ngetik word fungsi excel tau coding kek manaaaa;0;negative
@WarasManReborn @kompascom Kalau tengok berita itu yg utuh, Pak menteri cakap nggk semua sekolah, hanya bagi sekolah yg betul betul siap sarana dan prasarananya,;;tengok berita utuh menteri cakap nggk sekolah sekolah sarana prasarana;1;neutral
@kompascom Mending di kaji dulu lebih dalam Pak, urgent atau ga ini. Namanya juga Sekolah Dasar, ajarilah dasar-dasar semua. Ga pakai AI aja anak anak sekrg pas masuk SD udah pakain kacamata, saking rusaknya matanya, karena dari kecil tiap nangis disodorin hape.;;mending kaji urgent nama sekolah dasar ajar dasar dasar pakai anak anak sekrg pas masuk udah pakain kacamata saking rusak mata nang disodorin hape;2;positive
@kompascom Yg ngajar punya disiplin ilmu ga belum lagi fasilitas komputer laptop support ga;;ngajar disiplin ilmu fasilitas komputer laptop support;0;negative
@kompascom belajar adab noh penting, harusnya pelajaran gitu dari kecil udah di ajarin. jadi agama tuh gak perkara solat aja, ada banyak bgt harus diajarin.;;ajar adab noh ajar udah ajarin agama tuh perkara solat diajarin;0;negative
@kompascom ada ndak ya kajian2 kurikulum spt di negara eropa, AS, Aussie untuk sd-smp , bagaimana perbandingan dan dinamika perubahannya selama 10 tahun terakhir, jangan2 kita saja yg tidak punya model dasar kurikulum dan centil untuk selalu ubah kurikulum sesuai selera.;;ndak kaji kurikulum spt negara eropa aussie smp banding dinamika ubah model dasar kurikulum centil ubah kurikulum sesuai selera;0;negative
@kompascom Akhlak nya anakÂ² jelekÂ² bgt, sopan santun, unggah ungguh nya.. malah pelajaran yg gituan T.T;;akhlak nya anak jelek sopan santun unggah ungguh nya ajar gituan;0;negative
@kompascom Ajarin bahasa inggris aja kali pak.;;ajarin bahasa inggris kali;0;negative
@kompascom Mending tingkatkan pendidikan mental dan adab aja pak.. anak skrg bnyk yg adabnya ga bagus..;;mending tingkat didik mental adab anak skrg bnyk adab bagus;1;neutral
"@Xenotyze @kompascom jangan lihat serius bang 
lihat dari segi pengadaan akan ada laptop/tablet gratis buat anak SD 
klo masalah modul ya abang tugasnya";;lihat serius bang lihat segi ada laptop tablet gratis anak klo modul abang tugas;0;negative
"@kompascom Mirip ini ya? Sehat sehat deh buat dedek"" sd 
Dulu gw SMP ada TIK pas SMA malah dibapus. Heran tiba"" pas udah lulus SMA perkembangan teknologi udah pesat. Negara mana lagi yang tiap ganti menteri ganti kurikulum  https://t.co/9NjJjcKTKk";;sehat sehat dedek smp tik pas sma dibapus heran pas udah lulus sma kembang teknologi udah pesat negara ganti menteri ganti kurikulum;0;negative
@kompascom Yg dasar2 dulu aja deh pak, itu lebih penting.;;dasar;0;negative
"@kompascom Perbaiki aja dl mapel yg ada.

Miris lihat pengetahuan umum aja banyak yg gak tahu. Beda ma jaman2 dl gimana kita sekolah harus hafal dan tahu smua.

Mulai dr negara kita aja. Batas wilayah, provinsi mana penghasil apa, dll.

Sekarang mau maju, tp hal2 penting aja mrk gak tau";;baik mapel miris lihat tahu beda jaman gimana sekolah hafal smua negara batas wilayah provinsi hasil dll maju mrk tau;0;negative
@kompascom Sd muhammadiah jogja udah ada. @prwtrn;;muhammadiah jogja udah;0;negative
"@kompascom Meanwhile :
Anak SD gk bisa di atur
Anak SMP gk bisa baca
Anak SMA gk bisa perkalian dan pembagian sederhana (mana jurusan IPA lagi)
Terus lu ngarep mereka bisa coding? Itu anak teknik informatika aja banyak yang masih cetek ilmu coding nya.
Lawak";;meanwhile anak atur anak smp baca anak sma kali bagi sederhana jurus ipa ngarep coding anak teknik informatika cetek ilmu coding nya lawak;0;negative
@kompascom Ngasi materi coding dan ai ini ga akan menggeser pembelajaran adab dan agama yang kaya kalian bilang.;;ngasi materi coding geser ajar adab agama kaya bilang;0;negative
@kompascom banyak tools coding yang basisnya permainan anak anak, kaya nyusun kata tapi dengan konsep warna dan bentuk, jadi nanti gak akan memaksa anakâ buat berpikir terlalu teknis dan mengharuskan anak buat paham matematis dari kata coding tadi, dan ada juga negara yang nerapin hal sama.;;tools coding basis main anak anak kaya nyusun konsep warna bentuk paksa anak pikir teknis harus anak paham matematis coding negara nerapin;2;positive
@kompascom Disclaimer teman teman, mungkin banyak yang ga setuju, tapi konsep coding dan ai itu ga mungkin akan langsung di kasi materi buat ngetik code dan bikin ai, banyak kok tools yang ga mengharuskan ngetik.;;disclaimer teman teman tuju konsep coding langsung kasi materi ngetik code bikin tools harus ngetik;1;neutral
@kompascom This good for high schoolers. Tapi untuk anak2 paud ato SD sepertinya lebih baik dan banyak porsi nya ke pendidikan IMTAQ dan manner.;;this good for high schoolers anak paud ato porsi nya didik imtaq manner;2;positive
@kompascom kemarin aja ada anak artiz yg ngitung 75+75=140, kok bisa-bisanya mau ngajarin e-ai e-ai di SD WKWK;;kemarin anak artiz ngitung bisa ngajarin;2;positive
@kompascom AI????? Serius??? Baiklah. Waktunya minggat dari Indo. Bye.;;serius baik minggat indo bye;2;positive
@jilujilo @kompascom AI? Pol mentok ngangho chat gpt, makin instan makin ga bisa mikir. Kerennnnnnn;;pol mentok ngangho chat gpt instan mikir kerennnnnnn;0;negative
@kompascom Pak tolong kalau ambil kebijakan libatin stakeholder terkait dong, research dulu gimana dampaknya ke murid, guru, dan sekolah, jangan langsung iyain iyain aja deh masih banyak yang lebih penting dari sekedar jadiin coding sebagai mapel pilihan;;tolong ambil bijak libatin stakeholder kait research gimana dampak murid guru sekolah langsung iyain iyain dar jadiin coding mapel pilih;0;negative
@kompascom Kejauhan pak. Anak2 sd mending diajarin CPR dan heimlich maneuver dulu ajeu. Se basic itu.;;jauh anak mending diajarin cpr heimlich maneuver ajeu basic;2;positive
@kompascom AI tanpa belajar formal dah pd pinter;;ajar formal pinter;0;negative
"Tidak, Pak!!! Mohon.... . TIDAK!!!!!!!!!!!!!!!
Minimalisasi eksposur gawai pada anak-anak.
Lihatlah Swedia...";;mohon minimal eksposur gawai anak anak lihat swedia;2;positive
@kompascom Mau ngakak tapi miris. Guru ngajar matpel dasar aja sering kga keserep sama tu bocilÂ² apalagi ini. Kta gua mending kualitas pendidikan merata dlu aja dah.;;ngakak miris guru ngajar matpel dasar kga serep bocil kta gua mending kualitas didik rata dlu;0;negative
@kompascom Mungkin sebaiknya belajar coding sejak bayi baru lahir.;;ajar coding bayi lahir;2;positive
@kompascom pelajaran sekolah makin tinggi tapi pelajaran adab makin tertinggal;;ajar sekolah ajar adab tinggal;0;negative
"@kompascom Aduh pak Mukti.. wkwkwk
Sorry guru muhamadiyah pun banyak yg gaptek pak.. plislah. 
Honor ga seberapa. 

Ya menteri emg kepanjangan dr atasnya. Tp jangan manut2 bangetlah.";;aduh mukti wkwkwk sorry guru muhamadiyah gaptek plislah honor menteri emg panjang atas manut banget;1;neutral
@kompascom SD dan SMP mah yg perlu ditingkatkan kemampuan membaca dan matematika. Inimah ujungnya memberatkan wali murid kudu beli PC/laptop sendiri;;smp tingkat mampu baca matematika inimah ujung berat wali murid kudu beli laptop;0;negative
@kompascom Pak, perkara device pendukung e lo blm tentu punya semua utk AI dan codingnya, ya ampun...;;perkara device dukung blm utk codingnya ampun;1;neutral
@kompascom Mantep ini, aku suka...;;mantep suka;0;negative
@kompascom Ujung ujungnya ada kelas kusus dengan biaya mahal, dan tidak semua siswa bisa memperoleh akses sama, dobol;;ujung ujung kelas sus biaya mahal siswa oleh akses dobol;1;neutral
@kompascom nah di apk ini anak anak akan belajar misal buat game sederhana gt, pake perintahÂ² yang ada disitu.. lebih ke belajar dlu fungsi dari masingÂ² perintah mungkin ya.. murid bisa pakai HP, Tab, Chromebook atau laptop.. tp saran gurunya pakai chromebook.;;apk anak anak ajar game sederhana pake perintah situ ajar dlu fungsi perintah murid pakai tab chromebook laptop saran guru pakai chromebook;2;positive
"@kompascom anak saya sekolah di MI udah ada pelajaran coding dari kelas 1, sekarang udah kelas 2.
FYI codingnya bukan seperti yang kebanyakan kalian pikirkan dengan segala jenis kerumitan, statistika dll ya..
jd belajar coding nya pake apk STRATCH..";;anak sekolah udah ajar coding kelas udah kelas fyi codingnya banyak pikir jenis kerumit statistika dll ajar coding nya pake apk stratch;2;positive
@kompascom Sekalian kasih laptop dan pulsa gratis, bukan cuma makan siang gratis. Kan dari hasil tambang nikel, batubara, timah, dan pasir cukup untuk membiayai;;kasih laptop pulsa gratis makan siang gratis hasil tambang nikel batubara timah pasir biaya;0;negative
@kompascom Lebih penting lagi masukkan pelajaran Akhlak, Agama, Etika, PMP dan Sejarah Indonesia. Sama ajarkan CINTA TANAH AIR . Sejarah Dunia ndak perlu diajarkan.;;masuk ajar akhlak agama etika pmp sejarah indonesia ajar cinta tanah air sejarah dunia ndak ajar;2;positive
@kompascom Kalian yg marah-marah ini baca gak sih? Kata pak mu'ti yg mampu. Kalau belum MAMPU yang berarti ya ga diterapin, fokus sama apa yg perlu dikuatkan dulu. Gak dipaksakan semuanya tiba-tiba ada mapel AI sama Coding.;;marah marah baca sih diterapin fokus kuat paksa mapel coding;1;neutral
@kompascom Anak sd d kasi soal , ah cape la scan soal search d ai dah siapp, satu due tige ahh mudahnye;;anak kasi cape scan search siapp due tige ahh mudahnye;0;negative
@kompascom Makin senjang aja kualitas pendidikan setiap siswa di beda daerah gimana mau merata hufty;;senjang kualitas didik siswa beda daerah gimana rata hufty;1;neutral
"@kompascom Asal ada anggaran untuk pembelian Pc di masing2 sekolah yaaa pak dan jgn lupa merata diseluruh kota kab sampe
Plosok";;anggar beli sekolah yaaa jgn lupa rata seluruh kota kab sampe plosok;0;negative
@hars_12 @WarasManReborn @am_ziyah @kompascom Miris ya bang mulut doang pedes, minat baca nol. Kaum-kaum yang gampang ke trigger karena judul dan narasi pendek;;miris bang mulut doang pedes minat baca nol kaum kaum gampang trigger judul narasi pendek;0;negative
"@kompascom Masalah rumit apa yang anak SD hadapi sehingga sangat memerlukan AI dan coding programming?!

Lha wong anak SD SMP banyak yang gak bisa calistung. Ini masalah mendasar kurikulum sekarang ini.";;rumit anak hadap coding programming lha anak smp calistung dasar kurikulum;1;neutral
@kompascom Kenapa ga diberikan pelajaran matematika dasar? Pelajaran komputasi awalnya dari logika matematika;;ajar matematika dasar ajar komputasi logika matematika;0;negative
"@kompascom mimpi terlalu jauh, 
jagain data rahasia penduduk indonesia saja gagal, bocor kemana2

apa lagi mengharapkan AI sejak SD, yang ada malah mereka diajak judol versi kanak2

beras, jagung, kedelai bahkan susu masih impor, lebih baik ajarin anak2 menanam jagung, cabe  drpd yg aneh2";;mimpi jagain data rahasia duduk indonesia gagal bocor mana harap ajak judol versi kanak beras jagung kedelai susu impor ajarin anak tanam jagung cabe drpd aneh;2;positive
@kompascom Mereka ini tidak tahu kah, SMA pun masih byk yg gak ada listrik di negara ini.;;kah sma byk listrik negara;0;negative
@kompascom Ah aku pikir menteri yang satu ini akan buat program yang bagus, eh nggak taunya sama saja dan bahkan malah ngawur.;;pikir menteri program bagus tau ngawur;0;negative
"@kompascom Mau sok high tech tapi gak mikirin penunjang nya yg kudu siap sampe pelosok desa...
Basic dulu deh.. belajar ADAB...
Bocah sekarang kebanyakan bocah kematian semua";;sok high tech mikirin tunjang nya kudu sampe pelosok desa basic ajar adab bocah banyak bocah mati;0;negative
" Smoga pemerataan pendidikan dan menciptakan sekolah unggulan bsa jalan beriringan dg pemerataan sbg prioritas utama, namun sblm itu.. minimal APBN pendidikan bisa ditingkatkan bahkan melebihi APBN polisi yg kerjanya lbh cpt kalau kasus viral  &amp; tdk mjdkn proyek tsb sbg ladang korup";;smoga perata didik cipta sekolah unggul bsa jalan iring perata sbg prioritas utama sblm minimal apbn didik tingkat lebih apbn polisi kerja lbh cpt viral amp mjdkn proyek tsb sbg ladang korup;1;neutral
@kompascom Dlu ada sekolah negeri dg label RSBI dihapuskan krn dikatakan adanya pengkotak2an, penggunaan bilingual yg dpt menghilangkan rasa bangga pd bindo. Jd sebetulnya lbh urgen pemerataan pendidikan atau sistem unggul pd sklh ttnt? Pdhl b. Ing jg penting dlm menciptakan SDM unggul-_-;;dlu sekolah negeri label rsbi hapus krn kotak guna bilingual dpt hilang bangga bindo lbh urgen perata didik sistem unggul sklh ttnt ing dlm cipta sdm unggul;0;negative
@kompascom tingkat SD sekarang,matematikanya sudah kuat belum ?;;tingkat matematika kuat;0;negative
@kompascom Prof Mukti kenapa jadi mbalelo gini? Anak kecil itu harus banyak sosialisasi dan bermain jgn dibebani pelajaran yg berat;;prof mukti mbalelo gin anak sosialisasi main jgn beban ajar berat;0;negative
"@kompascom adab baru ilmu.

jgn spt wapres fufufafa.
sdh tdk beradab tdk berlimu pula.";;adab ilmu jgn spt wapres fufufafa adab berlimu;0;negative
@kompascom Assalamualaikum Pak Menteri @Abe_Mukti tlg jgn diterima saran aneh dari Wapres. Walau hanya jd mapel pilihan tetap ujungnya akan dijadikan sbg Mapel Umum. Anak SD di Jepang kelas 1-3, hanya belajar Budi Pekerti. Di Indo malah aneh2. Sin, cos, tangen aja anak smp udah pusing.;;assalamualaikum menteri tlg jgn terima saran aneh wapres mapel pilih ujung jadi sbg mapel anak jepang kelas ajar budi pekerti indo aneh sin cos tangen anak smp udah pusing;0;negative
@kompascom Yang penting mapel PMP di kembalikan...sekarang anak anak moral udah pada rusak;;mapel pmp kembali anak anak moral udah rusak;2;positive
"@kompascom Jangan jauh2 pak, kl ada anak sma nulis 9001 aj gk bisa, ditanya provinsi paling barat indonesia dijawab ""jawa barat"".";;anak sma nulis provinsi barat indonesia jawa barat;0;negative
@kompascom basics math aja masi banyak yg kacau;;basics math mas kacau;1;neutral
@kompascom Hapus zonasi dulu pak, biar g ada jual beli bangku kosong;;hapus zonasi biar jual beli bangku kosong;1;neutral
@kompascom perkalian dasar aja banyak yg gak ngerti.. dah disuruh ngoding.;;kali dasar ngerti suruh ngoding;0;negative
@kompascom Blas barbarblas selama beranjak dewasa Saya berfikir jika sekolah dan pendidikan itu pembodohan masuk kedalam dunia main main dan tipu tipu kasihan umur buat main main. Dari usia dini sebisa mungkin harus menanamkan bekerja keras pada anak. Tanpa sekolahpun akan jadi orang.;;blas barbarblas anjak dewasa berfikir sekolah didik bodoh masuk dalam dunia main main tipu tipu kasihan umur main main usia bisa tanam keras anak sekolah orang;0;negative
@kompascom Kejauhan kalo dikasih AI, skill problem-solving yg perlu dibuatkan kurikulumnya sejelas mungkin supaya belajarnya efektif;;jauh kasih skill problem solving buat kurikulum jelas ajar efektif;2;positive
"@kompascom Yg paling mendesak dilakukan adalah pendidikan karakter berlandaskan akhlak dan budi mulia. 
Bagaimana menumbuhkan kembangkan karakter ini? 

Jika terlambat, manusia menjadi keju, kejam dan brutal menggunakan teknologi, menzalimi manusia lain. 

Ayo bagaimana ini?";;desak didik karakter landas akhlak budi mulia tumbuh kembang karakter lambat manusia keju kejam brutal teknologi zalim manusia ayo;0;negative
@kompascom SD swasta sdh mulai berlakukan pelajaran itu, kenapa SD Negri tidak. Lanjut  Pak, tak usah dengar bacotan sperma2 abah;;swasta laku ajar negri dengar bacot sperma abah;0;negative
@kompascom Ketimbang masukin ginian dalam pendidikan, ga mau gt masukin dulu pendidikan moral dari sejak dini? Aneh bgt pemerintah;;ketimbang masukin ginian didik masukin didik moral aneh perintah;0;negative
@kompascom Kalo yg diplosok bagaimana pan mentri mereka tidak punya pc/laptop dan internet, takut sama wapres karbitan ya;;diplosok pan tri laptop internet takut wapres karbitan;0;negative
"@NadaaaEsge @kompascom Mungkin kalau di SD bisa lbh fokus ke pengembangan logika berpikir n pemecahan masalah scr kreatif (berfikir komputasional)? Jujur, saat aku masuk IT,hal itu jd yg paling penting bgt, n itu bisa dibiasain dr SD. Bahkan saat pengenalan coding,
statistik/mtk malah g begitu digunain";;lbh fokus kembang logika pikir pecah scr kreatif berfikir komputasional jujur masuk dibiasain kenal coding statistik mtk digunain;2;positive
@kompascom Ini yang bener aja sih? Daripada mikirin tentang ai, coding dan sebagai macemnya, mending ratain dulu pendidikan di seluruh indo njir, bebenah dulu deh daripada pembaharuan lagi, g kasian sama guru kah? Beban udah banyak ini ditambahin terus, gaji yang dibanyakin mah bkn beban;;bener sih mikirin coding macemnya mending ratain didik indo njir bebenah baharu kasi guru kah beban udah ditambahin gaji dibanyakin bkn beban;1;neutral
Bagaimana bisa, jika siswa-siswa tersebut bahkan belum menguasai matematika dasar atau membaca? Belum lagi fasilitasnya, siapa yang bisa menjamin ketersediaannya? Seharusnya fokus pada pemerataan pendidikan terlebih dahulu, perkecil kesenjangan pendidikan antara kota dan daerah. Sungguh ironis!;;siswa siswa kuasa matematika dasar baca fasilitas jamin sedia fokus perata didik kecil senjang didik kota daerah sungguh ironis;2;positive
@kompascom Dari pada masukin AI sama coding mending suruh belajar MS word dulu , bikin paragraf aja gak bisa malah disuruh ngoding.;;masukin coding mending suruh ajar word bikin paragraf suruh ngoding;1;neutral
@kompascom Mending balik ke kurikulum lama aja pak, minimal yg relevan buat ke depannya. Buat ai sama coding tunda dulu sampai anak dirasa udah siap, sama teknologi. Bukan apa, masalahnya kelas 6 aja kadang ga bisa baca pak, percuma bgt kalau dasarnya udah rusak;;mending kurikulum minimal relevan depan coding tunda anak rasa udah teknologi kelas kadang baca dasar udah rusak;2;positive
"Belajar gituan butuh jaringan internet kuat & stabil + listrik ga matiÂ² ga sih?
Kalau iya, ga bisa diadakan di Tempur dan Karimunjawa nih.
Begitu juga di sangat banyak desa di pegunungan dan pulauÂ². 
Ingat juga 3T.
TempatÂ² yang sebaiknya muridÂ² dididik menrespon positif alam sekitar mereka.";;ajar gituan butuh jaring internet kuat stabil listrik mati sih iya ada tempur karimunjawa nih desa gunung pulau murid didik menrespon positif alam;1;neutral
"@kompascom Udh gatau lg harus ngomong apa, tua bangka kalau ga ngebet teknologi teknologi kayak gatel banget

Fundamental dulu mending kuatin.";;gatau ngomong tua bangka ngebet teknologi teknologi kayak gatel fundamental mending kuatin;1;neutral
@kompascom Untuk bisa belajar IT, pihak sekolah harus memiliki chrome book. Enggak semua sekolah mendapatkan chrome book. Alhasil enggak bisa mengajarkan IT. Satu-satunya peserta didik mengenal IT ketika guru mengajar menggunakan laptop dan infocus. Tahu kan pak prnya di mana?;;ajar sekolah milik chrome book sekolah chrome book alhasil ajar satu serta didik kenal guru ajar laptop infocus prnya;2;positive
"@kompascom Ajarin cara antre 
Ajarin cara berterima kasih, mengatakan maaf dan bilang permisi
Itu dulu aja pak buat SD.
Gak semua sekolah SD punya lab komputer.
Emang udah siap memfasilitasi?";;ajarin antre ajarin terima kasih maaf bilang permisi sekolah lab komputer emang udah fasilitas;1;neutral
@kompascom Iya iya, emang guru2nya udah mumpuni buat transfer ilmu AI dan Coding, terus2 yg dipedalaman yg lantai masih tanah gmn nasibnya?;;iya iya emang guru nya udah mumpuni transfer ilmu coding dalam lantai tanah gmn nasib;1;neutral
"@kompascom Sebaiknya sebelum diajarin AI sama Coding mending diajarin dulu tata krama dan life skill dasar yang sederhana.

If you judge a fish by its ability to climb a tree, it will live its whole life believing that it is stupid.";;diajarin coding mending diajarin tata krama life skill dasar sederhana you judge fish its ability climb tree will live its whole life believing that stupid;0;negative
@kompascom Mending di ajarin dulu katulis yang benar,  bahasa inggris dan asah logika. Kalo langsung ngoding apa ga blenger bocah;;mending ajarin katul bahasa inggris asah logika langsung ngoding blenger bocah;0;negative
sebelum mengajarkan AI dan coding sebaiknya dipastikan dulu para siswa sudah paham penjumlahan dan pengurangan, demikian sekedar usul;;ajar coding siswa paham jumlah kurang dar usul;0;negative
 Pak dari pada ngajarin coding Ama AI lebih baik anak2 diajari adab biar ditekankan. @Abe_Mukti ... Sekarang udah banyak anak sekolah gak tau sopan santun, gara-gara terlalu dekat dengan teknologi sebelum masanya.;;ngajarin coding ama anak ajar adab biar tekan udah anak sekolah tau sopan santun gara gara teknologi masa;2;positive
@kompascom fokus di calistung udah pak. anak SMP msh byk ga mampu operasi matematika sederhana, peekalian, pembagian. mo nangisssss liatnyaaaa;;fokus calistung udah anak smp msh byk operasi matematika sederhana peekalian bagi nangisssss liatnyaaaa;1;neutral
@kompascom Pendidikan yg diskriminatif, makin memperlebar kesenjangan antar sekolah dan memunculkan favoritisme sekolah;;didik diskriminatif lebar senjang sekolah muncul favoritisme sekolah;1;neutral
 diajarin adab dan sopan santun dulu aja gasi;;diajarin adab sopan santun gas;0;negative
"@kompascom Duh jadi malu gw sebagai simpatisan @muhammadiyah ..
Mas @ismailfahmi .
Gini amat yg katanya Professor...
Terlalu muluk -2.
Tapi pendidikan yg basic-2 masih ambyar.";;duh malu simpatisan mas gin professor muluk didik basic ambyar;1;neutral
 Ini mah jadinya kesenjangan sosial lagi krn gak semua sekolah mampu aplikasiin ini. Kenapa ga fokus ngeratain pendidikan dan fasilitasnya dulu aja dah???;;senjang sosial krn sekolah aplikasiin fokus ngeratain didik fasilitas;2;positive
@kompascom Fasilitas pendidikan di indo aja belum bagus dan merata, mending bagusin dulu sistemnya;;fasilitas didik indo bagus rata mending bagusin sistem;1;neutral
@bunshin_ysf1 @tempodotco saya dari SMP bukan cuma hafal provinsi dan ibukota provinsi indo, tapi juga hafal 50 negara bagian dan ibukotanya di amrik;;smp hafal provinsi ibukota provinsi indo hafal negara ibukotanya amrik;1;neutral
@tempodotco pak @gibran_tweet logika matematika nya dulu yang dikenalkan baru belajar algoritmanya sebelum belajar coding, karena coding mah gampang bisa belajar semalam dengan bantuan chatgpt cuman logika dan analisanya yang susah;;logika matematika nya kenal ajar algoritmanya ajar coding coding gampang ajar malam bantu chatgpt cuman logika analisanya susah;2;positive
@genishiu @tempodotco Kepala dinas pendidikan sudah merespon  hal ini;;kepala dinas didik merespon;1;neutral
orang pintar menggunakan AI maka dia akan semakin pintar, dan sebaliknya jika orang yg menggunakannya bodoh maka akan semakin bodoh. Jadi, ya AI memang penting, tapi identitas intelektual dan kultural harus menjadi fondasi. Latah dalam berkebijakan dan terlalu cepat meromantisasi;;orang pintar pintar orang guna bodoh bodoh identitas intelektual kultural fondasi latah bijak cepat meromantisasi;0;negative
reminder menohok! ya 80% IQ 78 pake AI bakal masif korban halusinasi AI! pake AI itu modalnya sadar data & context awareness yg tajam, aka critical thinking! belum lg infra digital masih jomplang? bikin critical design thinking dulu buat guru & sesuaikan kurikulum!;;reminder tohok pake masif korban halusinasi pake modal sadar data context awareness tajam aka critical thinking infra digital jomplang bikin critical design thinking guru sesuai kurikulum;2;positive
Siswa yang menggunakan GPT-4 dalam kapasitas tutor kayak yang dilakukan di acara âAIâ yang didatengin Gibran kemarin, performa akademisnya lebih bagus. Tapi sekalinya dilarang di dalam kelas, akademis mereka lebih jelek dibanding yang ga pake AI ;;siswa gpt kapasitas tutor kayak acara didatengin gibran kemarin performa akademis bagus sekali larang kelas akademis jelek banding pake;0;negative
Kalo dari awal udah dibentuk untuk jadi âtukangâ tanpa diberi ruang untuk bertanya âkenapaâ ya akhirnya terbentuk mentalitas manut dan apolitis. Dan pola pikir kayak gitu gampang banget digiring jadi konservatif.;;udah bentuk tukang ruang bentuk mentalitas manut apolitis pola pikir kayak gampang giring konservatif;0;negative
Pendidikan dimahalin biar rakyatnya pada bodoh terus pemerintah bisa tuh korupsi sesuka hati mereka bukan begitu kata AI ;;didik dimahalin biar rakyat bodoh perintah tuh korupsi suka hati;0;negative
Penggunaan AI bukannya cerdas tapi culas. Pagii, Begitulah pemikiran para bangke yg suka instant, tdk mau andil dlm pendidikan. Ujung-ujungnya ijazah sdh ditangan. Semuanya AI, dr kuliah hingga ujian. Trs yg pnya ijazah cuma ongkang2 kaki.;;guna cerdas culas pagi pikir bangke suka instant andil dlm didik ujung ujung ijazah tang kuliah uji trs pnya ijazah ongkang kaki;0;negative
"di hukum/pajak pun kalo gangerti basicnya rawan banget dibodohin.

harusnya penggunaan di pendidikan harus terbatas & diawasi, murid/mahasiswa belum punya kemampuan buat milah materi yg bener/tau sumber sahih buat kroscek kebenarannya. takutnya semua jawaban AI dianggap bener.";;hukum pajak gangerti basicnya rawan dibodohin guna didik batas awas murid mahasiswa mampu mi materi bener tau sumber sahih kroscek benar takut anggap bener;0;negative
"Bener2 AI Generatif spt ChatGPT dan kawan2 ini potensi keburukannya belum bisa diantisipasi bgt oleh pelajar pd umumnya. Cognitive deficiency...

Sistem pendidikan & tenaga pengajar perlu cara2 kreatif utk meminimalisir obsessive dependency pd AI Generatif...";;bener generatif spt chatgpt kawan potensi keburu antisipasi ajar cognitive deficiency sistem didik tenaga ajar kreatif utk meminimalisir obsessive dependency generatif;0;negative
Masa dr kecil smuanya suruh pakai AI trus apa yg msk ke memory klo smuanya sudah dikerjakan oleh AI. Apakah itu tujuan nya supaya generasi mendatang semakin merosot pendidikan nya?;;smuanya suruh pakai trus msk memory klo smuanya tuju nya generasi merosot didik nya;0;negative
pelatihan guru aja sekarang isinya belajar menggunakan AI. mana guru guru yg tua dan kurang mengenal teknologi pada bangga banget menggunakan AI. bobrok udah kualitas pendidikan negara ini.;;latih guru isi ajar guru guru tua kenal teknologi bangga bobrok udah kualitas didik negara;2;positive
"Pertahanan yg kuat itu dasarnya SDM yg unggul.
SDM yg unggul itu dasarnya pendidikan yg berkualitas.

Jadi kuncinya tingkatkan dulu mutu pendidikan.

Pelajar2 itu nanti yg bikin AI, robot, drone, satelit, tank, pesawat dll.

Selama ranking PISA belum tembus top 20, sulit unggul.";;tahan kuat dasar sdm unggul sdm unggul dasar didik kualitas kunci tingkat mutu didik ajar bikin robot drone satelit tank pesawat dll ranking pisa tembus top sulit unggul;2;positive
"""Tentu kita harus lebih usaha, bisa melakukan akselerasi mengejar ketertinggalan karena proses budaya AI, nonton, hadir secara bersamaan. Sementara di satu sisi kita punya PR tentang budaya baca,""pengamat pendidikan Unesa; Dr Martadi.";;usaha akselerasi kejar tinggal proses budaya nonton hadir sama sisi budaya baca amat didik unesa martadi;2;positive
Menteri Pendidikan, Kebudayaan, Riset, dan Teknologi (Mendikdasmen) menyatakan bahwa penggunaan Artificial Intelligence (AI) secara tidak bijak berpotensi membuat manusia menjadi culak atau kehilangan kemampuan berpikir kritis.;;menteri didik budaya riset teknologi mendikdasmen guna artificial intelligence bijak potensi manusia culak hilang mampu pikir kritis;2;positive
Representatif kementerian pendidikan  vokal banget ngomongin codang-coding sama AI, padahal mostly adik2 kita masih error banget ngadepin soal2 matematika dasar dan juga tumpul berlogika. Ap gk kepikrian benerin hal2 yg lebih fundamental yah..;;representatif menteri didik vokal ngomongin codang coding mostly adik error ngadepin matematika dasar tumpul logika kepikrian benerin fundamental yah;0;negative
Misal tuh AI sdh diterapkan kalau pemerintah gak IQ 50 gak ada namanya korupsi laptop kayak heboh kemarin di kementrian pendidikan indonesia , tiap proyek macam gitu harus pakai AI & kamera AI  , tau kenapa jd pake kamera AI ?;;tuh terap perintah nama korupsi laptop kayak heboh kemarin tri didik indonesia proyek pakai kamera tau pake kamera;0;negative
Ya ini pd akhirnya kembali ke usaha menata kembali pedagogi kita, termasuk scr kritis mengacu pada taxonomi Bloom terbaru. Namun, miris, masalah pendidikan kita msh sangat mendasar hingga pd taraf tetap collapse bhkn sebelum the rise of AI.;;usaha tata pedagogi scr kritis acu taxonomi bloom baru miris didik msh dasar taraf collapse bhkn the rise;0;negative
Diskusi nya yg tidak kalah penting. Profesi Guru: Berkecukupan atau Berkemampuan? berkecukupan maka administrasi pembelajaran adalah skema prioritas. Sedangkan Berkemampuan maka proses belajar adalah skema utama. hari ini? Guru ganti mobil tapi tidak ganti sertifikat pelatihan.;;diskusi nya kalah profesi guru cukup mampu cukup administrasi ajar skema prioritas mampu proses ajar skema utama guru ganti mobil ganti sertifikat latih;2;positive
Tp gw blg ya, dunia pendidikan dasar lebih baik sebelum ada AI dan video2 pendek kaya tiktok. Bener2 bikin downgrade cara kerja otak ga sih... Gemes sama anak2 yg males cari info padahal jaman skrg tinggal klik2 doang;;blg dunia didik dasar video pendek kaya tiktok bener bikin downgrade kerja otak sih gemes anak males cari info jaman skrg tinggal klik doang;0;negative
Di tangan manusia yang rakus, AI bisa jadi alat culas. Tapi di tangan manusia yang bijak, AI bisa jadi cahaya peradaban. Maka persoalannya bukan AI-nya, tapi manusianya. Pendidikan etika harus mendahului teknologi.;;tangan manusia rakus alat culas tangan manusia bijak cahaya adab soal nya manusia didik etika dahulu teknologi;0;negative
bahaya untuk level pendidikan dasar sampai menengah, sulit untuk kontrol penggunaannya kecuali ada peraturan yang jelas dari kementerian pendidikan yang dilaksanakan dengan tegas oleh pihak sekolah. terlebih sampai saat ini belum ada seminar soal AI di sekolah untuk guru & ortu;;bahaya level didik dasar tengah sulit kontrol guna kecuali atur menteri didik laksana sekolah seminar sekolah guru ortu;2;positive
"Dia saja menteri pendidikan  dasar dan menengah. Anda sendiri g paham realita harusnya SD-SMA itu materi konsep dasar, AI bagusnya cuma pendidikan setelah dsarnya kuat.
Contoh yg culas anak SMK coding pakai Chatgpt, kalau ada trouble pasti bingung.";;menteri didik dasar tengah paham realita sma materi konsep dasar bagus didik dsarnya kuat contoh culas anak smk coding pakai chatgpt trouble bingung;2;positive
in another side, pemerintah malah jadiin sektor pendidikan dan kesehatan sebagai sektor pendukung a.k.a. bukan menjadi concern utama dalam membenahi ini semua. ku rasa udh deh, stop sama ambisi buat negara maju, penuh ai, makan gratis. yuk mulai sama yg dasar dulu.;;another side perintah jadiin sektor didik sehat sektor dukung concern utama benah stop ambisi negara maju penuh makan gratis yuk dasar;2;positive
Dengan dasar ini pula, maka Melek AI justru bisa didorong untuk menjadi materi wajib, bukan pilihan seperti yang dilekatkan pada gagasan pendidikan Koding dan KA oleh Pemerintah.;;dasar melek dorong materi wajib pilih lekat gagas didik koding perintah;2;positive
"Masalah:
Rendahnya daya baca
Kebijakan pendidikan yang banyak perubahan meskipun pada satu visi yang sama - pertimbangkan AI
Kualitas guru - inputnya kurang berkualitas = outputnya juga
Kesenjangan antara swasta & negeri ";;rendah daya baca bijak didik ubah visi timbang kualitas guru inputnya kualitas outputnya senjang swasta negeri;2;positive
Dorong Literasi Kecerdasan Artifisial, Kemenag Kaji Day of AI untuk Kurikulum Madrasah;;dorong literasi cerdas artifisial kemenag kaji day kurikulum madrasah;2;positive
Sebelum kita bicara tentang AI dan teknologi canggih di ruang kelas, mari pastikan para guru hidup dengan layak dan bermartabat. Karena pendidikan yang berkualitas dimulai dari guru yang dihargai. Guru bukan hanya pengajar â mereka adalah penentu arah masa depan bangsa.;;bicara teknologi canggih ruang kelas mari pasti guru hidup layak martabat didik kualitas guru harga guru ajar tentu arah bangsa;2;positive
@tempodotco Kaya dia ngerti ngoding aja si fufufafa;;kaya ngerti ngoding fufufafa;0;negative
@tempodotco masi banyak sekolah yg bangkunya reot, gurunya kaga dibayar;;mas sekolah bangku reot guru kaga bayar;1;neutral
@tempodotco gk ush fomo;;ush fomo;1;neutral
@tempodotco Yg nyuruh org bodoh...;;nyuruh org bodoh;0;negative
@biruterank Jadi kepikiran nikah kemudian pindah negara;;pikir nikah pindah negara;0;negative
@tempodotco dia sndiri aja gatau apa itu coding asbun sekali si cengoh 1 ini;;sndiri gatau coding asbun cengoh;1;neutral
@tempodotco Pak pak, anak murid ku pembagian aja belum bisa disuruh coding sama Ai, menyala otakku!;;anak murid bagi suruh coding nyala otak;1;neutral
@staysaferek @tempodotco otak omon omon.;;otak omon omon;1;neutral
@tempodotco Emang dia ngerti apa yg di bikikn org2nya? Main sebut aja.;;emang ngerti bikikn org nya main;0;negative
@tempodotco yaila boro boro coding penjumlahan jg masih remidi;;yaila boro boro coding jumlah ridi;0;negative
@tempodotco usulan tanpa mikir panjang;;usul mikir;0;negative
@tempodotco nggausah aneh aneh pls;;nggausah aneh aneh pls;0;negative
